Position,Seniority Number,DOB,CHANGES ID,SR #,Instructions
851,20081014,09-01-1954,35254,12239659,
479,20066021,08-19-1959,415691,12179963,
713,20077004,12-01-1983,407027,12223509,
378,20063026,11-02-1974,30959,12164656,
889,20083009,01-22-1969,425322,12244665,
608,20071024,05-01-1964,425059,12199987,
883,20083003,12-09-1968,36139,12244069,
277,20059023,07-22-1965,312320,12145415,
878,20082009,05-21-1983,423514,12239958,
701,20074021,12-01-1957,367655,12211324,
155,20056005,07-27-1957,414844,12129786,"Please call 311 between 8:30AM and 4:30PM, Mon to Fri"
697,20074017,03-23-1967,403541,12210912,
254,20058026,03-27-1990,401145,12141277,
643,20072024,11-23-1976,420923,12203980,
788,20079008,04-02-1951,384023,12228998,
737,20077031,03-06-1998,400456,12222467,
396,20064010,08-02-1987,424930,12167614,
547,20070012,09-19-1971,403699,12191454,
824,20080013,05-13-1954,35481,12233134,
549,20070014,02-21-1972,7975,12192507,
398,20064012,07-23-1978,401675,12170485,
400,20064014,05-18-1969,365955,12167560,
872,20082003,08-26-1995,416910,12242446,
333,20061025,12-27-1958,43483,12153985,"Please call 311 between 8:30AM and 4:30PM, Mon to Fri"
253,20058025,07-20-1974,41569,12138881,
614,20071031,09-10-1944,418377,12196535,
284,20059031,07-23-1976,275280,12143492,
159,20056009,05-12-1998,420967,12129713,
828,20080017,06-13-1956,425176,12232886,
527,20068008,10-09-1963,425039,12185329,
432,20065013,06-03-1954,50765,12174953,
433,20065014,11-06-1952,420372,12171953,
571,20070037,02-12-1949,392149,12192942,
515,20067027,01-20-1982,394199,12182938,
653,20072034,08-26-1985,424951,12204776,
210,20057027,07-12-1972,302709,12134068,"Please call 311 between 8:30AM and 4:30PM, Mon to Fri"
699,20074019,06-12-1977,359800,12211622,
801,20079022,02-25-1984,12524,12231059,
226,20057043,07-09-1961,381861,12132404,
397,20064011,03-31-1968,21241,12168478,
840,20081003,05-24-1962,53190,12237013,
781,20079001,05-02-1967,47122,12230383,
393,20064007,02-11-1963,312273,12168537,
351,20062010,11-26-1945,48516,12158317,"Please call 311 between 8:30AM and 4:30PM, Mon to Fri"
292,20060007,09-31-1977,394654,12151790,
516,20067028,06-14-1964,50891,12183695,
687,20074007,02-01-1962,28539,12211895,
805,20079026,02-21-1979,387188,12230947,
848,20081011,11-10-1965,51248,12237742,
919,20084026,01-28-1947,390708,12249067,
920,20084027,12-22-1991,422195,12247668,
929,20084036,12-02-1965,358005,12249538,
72,20052003,05-06-1963,11758,12110497,"Please call 311 between 8:30AM and 4:30PM, Mon to Fri"
904,20084011,08-18-1961,22906,12247065,
639,20072020,08-17-1995,424852,12203140,
925,20084032,04-04-1937,24165,12247977,
926,20084033,04-29-1974,289464,12248475,
924,20084031,05-04-1979,42537,12248954,
898,20084005,08-30-1958,425230,12248965,
918,20084025,08-31-1975,326094,12246916,
933,20084040,01-20-1955,51061,12246937,
907,20084014,04-24-1989,309395,12248267,
923,20084030,07-30-1957,39159,12245812,
922,20084029,08-29-1949,48823,12247217,
37,20050025,03-21-1965,362374,12101075,"Please call 311 between 8:30AM and 4:30PM, Mon to Fri"
771,20078033,08-24-1978,381681,12224932,
340,20061032,09-06-1944,410780,12154698,"Please call 311 between 8:30AM and 4:30PM, Mon to Fri"
895,20084002,08-28-1982,425168,12248926,
894,20084001,09-06-1986,425327,12249119,
906,20084013,02-14-1998,425129,12248052,
921,20084028,07-27-1980,296406,12246734,
911,20084018,06-21-1992,364354,12248530,
208,20057025,09-13-1957,266035,12132896,"Please call 311 between 8:30AM and 4:30PM, Mon to Fri"
16,20047012,12-13-1991,424559,12088414,"Please call 311 between 8:30AM and 4:30PM, Mon to Fri"
45,20051007,03-19-1964,34525,12105138,"Please call 311 between 8:30AM and 4:30PM, Mon to Fri"
897,20084004,12-08-1957,39366,12248993,
917,20084024,05-18-1975,407184,12246569,
930,20084037,07-29-1983,422629,12246415,
22,20049002,09-18-1978,402394,12095676,"Please call 311 between 8:30AM and 4:30PM, Mon to Fri"
932,20084039,02-14-1976,18880,12247157,
913,20084020,07-10-1984,420396,12249299,
927,20084034,05-14-1976,33422,12249073,
318,20061008,12-27-1991,424866,12155524,
909,20084016,07-19-1960,412994,12246353,
901,20084008,02-03-1981,286928,12246875,
905,20084012,06-28-1960,44984,12249079,
931,20084038,02-05-1973,424275,12248538,
912,20084019,04-08-1958,423122,12249300,
899,20084006,04-22-1986,35152,12247193,
896,20084003,03-18-1954,314907,12248294,
910,20084017,08-11-1988,397391,12246931,
175,20056028,12-03-1969,393945,12129205,
795,20079016,11-05-1960,425224,12231216,
903,20084010,04-19-1949,393022,12248341,
915,20084022,04-25-1984,23184,12245822,
76,20052010,09-09-1978,20475,12110807,"Please call 311 between 8:30AM and 4:30PM, Mon to Fri"
902,20084009,08-09-1963,418017,12246068,
928,20084035,09-01-1964,43318,12247040,
916,20084023,02-13-1981,373140,12247122,
914,20084021,12-18-1985,410867,12248639,
908,20084015,05-24-1957,45556,12249355,
99,20053013,09-17-1951,20519,12116660,"Please call 311 between 8:30AM and 4:30PM, Mon to Fri"
900,20084007,08-21-1979,393782,12248939,
106,20053021,02-10-1995,383879,12114473,"Please call 311 between 8:30AM and 4:30PM, Mon to Fri"
92,20053003,12-08-1970,38670,12118200,"Please call 311 between 8:30AM and 4:30PM, Mon to Fri"
67,20051036,04-18-1987,378513,12103634,"Please call 311 between 8:30AM and 4:30PM, Mon to Fri"
688,20074008,01-16-1986,378347,12210383,
338,20061030,01-17-1984,16848,12154570,
356,20062015,10-09-1956,424790,12156686,
946,20085013,03-09-1985,283909,12250944,
363,20063009,07-16-1970,47009,12162080,
948,20085015,03-26-1969,284853,12251173,
955,20085023,11-11-1996,425367,12252737,
605,20071020,08-17-1950,406933,12197115,
954,20085022,10-01-1965,35220,12251328,
82,20052021,07-09-1955,421565,12111696,"Please call 311 between 8:30AM and 4:30PM, Mon to Fri"
944,20085011,03-06-1955,21563,12250422,
956,20085024,10-25-1974,371961,12252945,
942,20085009,12-01-1960,318006,12252792,
197,20057011,07-23-1982,384635,12136046,"Please call 311 between 8:30AM and 4:30PM, Mon to Fri"
858,20081022,12-17-1972,420978,12238172,
938,20085005,07-10-1969,403643,12250207,
958,20085026,04-25-1965,377628,12250204,
936,20085003,06-14-1974,286627,12250529,
2,20046026,09-13-1982,318535,12084460,"Please call 311 between 8:30AM and 4:30PM, Mon to Fri"
952,20085020,11-16-1946,42698,12250877,
943,20085010,09-27-1968,39795,12252395,
538,20070003,04-10-1986,406955,12193225,
940,20085007,04-02-1964,377788,12251370,
951,20085018,01-17-1941,47817,12251342,
957,20085025,04-13-1962,47233,12251230,
945,20085012,01-28-1955,416011,12249972,
189,20057002,08-25-1963,31691,12135831,
941,20085008,01-23-1973,415250,12250864,
947,20085014,06-22-1952,45784,12250525,
950,20085017,04-07-1967,310116,12250965,
939,20085006,11-19-1964,361486,12250325,
120,20054011,01-14-1976,422278,12120535,
959,20085027,04-17-1955,411337,12250676,
953,20085021,11-02-1976,349244,12250375,
935,20085002,04-11-1953,320597,12249818,
934,20085001,02-04-1979,421098,12249974,
937,20085004,01-26-1968,333318,12250996,
949,20085016,10-03-1993,422748,12253201,
869,20081033,02-26-1951,301727,12238401,
964,20086005,03-25-1964,275368,12253649,
968,20086009,09-20-1973,337658,12254308,
961,20086002,03-30-1981,307121,12255995,
966,20086007,11-14-1958,324983,12253823,
967,20086008,08-29-1958,413681,12254946,
972,20086013,02-07-1956,301983,12255871,
976,20086017,07-23-1978,43922,12255259,
960,20086001,12-18-1980,403357,12253661,
982,20086023,10-09-1986,296693,12254631,
977,20086018,05-05-1962,14787,12253737,
974,20086015,07-29-1979,43373,12253574,
979,20086020,03-17-1963,22101,12254098,
963,20086004,08-01-1969,323015,12254727,
65,20051034,12-15-1968,304300,12106074,"Please call 311 between 8:30AM and 4:30PM, Mon to Fri"
970,20086011,05-14-1945,421584,12254413,
49,20051015,05-27-1962,354100,12105986,"Please call 311 between 8:30AM and 4:30PM, Mon to Fri"
981,20086022,05-31-1947,422584,12256375,
969,20086010,04-14-1976,353291,12253486,
980,20086021,04-10-1969,21855,12254540,
962,20086003,12-09-1966,370109,12253578,
975,20086016,09-14-1992,424556,12254185,
983,20086024,09-19-1986,418465,12254247,
971,20086012,12-04-1997,424995,12254448,
978,20086019,06-16-1965,23693,12253586,
965,20086006,03-26-1983,382345,12253633,
973,20086014,01-12-1950,387834,12254430,
424,20065005,08-21-1997,424961,12172087,
844,20081007,03-02-1976,389570,12237420,
773,20078035,07-05-1951,35869,12226046,
43,20051003,10-09-1963,38739,12105960,"Please call 311 between 8:30AM and 4:30PM, Mon to Fri"
84,20052023,07-15-1966,40540,12112314,"Please call 311 between 8:30AM and 4:30PM, Mon to Fri"
38,20050026,12-01-1950,51915,12098882,"Please call 311 between 8:30AM and 4:30PM, Mon to Fri"
441,20065022,12-20-1951,25072,12171643,
113,20054004,06-09-1950,24576,12120487,"Please call 311 between 8:30AM and 4:30PM, Mon to Fri"
94,20053008,07-03-1977,423478,12117108,"Please call 311 between 8:30AM and 4:30PM, Mon to Fri"
371,20063019,07-19-1972,424490,12161598,
111,20054001,10-17-1986,356447,12121442,"Please call 311 between 8:30AM and 4:30PM, Mon to Fri"
31,20050010,12-30-1980,421770,12101991,"Please call 311 between 8:30AM and 4:30PM, Mon to Fri"
460,20066002,11-16-1964,305809,12178587,
168,20056020,04-15-1959,353919,12128921,"Please call 311 between 8:30AM and 4:30PM, Mon to Fri"
198,20057012,10-17-1969,12894,12135902,"Please call 311 between 8:30AM and 4:30PM, Mon to Fri"
164,20056015,04-16-1970,22092,12126558,
47,20051013,12-30-1961,387537,12105772,"Please call 311 between 8:30AM and 4:30PM, Mon to Fri"
381,20063029,08-12-1989,405623,12164638,"Please call 311 between 8:30AM and 4:30PM, Mon to Fri"
823,20080012,02-28-1985,415312,12234750,
462,20066004,03-23-1974,338421,12175801,
721,20077012,10-22-1956,24812,12219628,
345,20062002,09-24-1968,38719,12156505,
86,20052027,02-03-1966,385207,12111870,"Please call 311 between 8:30AM and 4:30PM, Mon to Fri"
42,20050036,04-13-1997,383097,12099740,"Please call 311 between 8:30AM and 4:30PM, Mon to Fri"
56,20051025,10-03-1962,20660,12105926,"Please call 311 between 8:30AM and 4:30PM, Mon to Fri"
77,20052014,11-25-1975,406339,12112354,"Please call 311 between 8:30AM and 4:30PM, Mon to Fri"
476,20066018,02-04-1968,424873,12178687,
75,20052007,04-11-1965,25179,12111215,"Please call 311 between 8:30AM and 4:30PM, Mon to Fri"
426,20065007,01-23-1978,20293,12173072,
115,20054006,02-11-1981,412280,12119364,"Please call 311 between 8:30AM and 4:30PM, Mon to Fri"
427,20065008,07-15-1980,321415,12173062,
119,20054010,06-14-1982,35584,12120518,
862,20081026,03-05-1966,425352,12238038,
157,20056007,04-21-1951,41199,12128735,
21,20048006,09-26-1977,415030,12091108,"Please call 311 between 8:30AM and 4:30PM, Mon to Fri"
160,20056010,08-14-1951,408369,12127139,"Please call 311 between 8:30AM and 4:30PM, Mon to Fri"
332,20061023,12-16-1960,370513,12154484,
876,20082007,03-10-1960,22231,12240848,
30,20050007,05-10-1952,409627,12099544,"Please call 311 between 8:30AM and 4:30PM, Mon to Fri"
221,20057038,11-13-1957,424733,12136123,
220,20057037,07-27-1958,394327,12132563,"Please call 311 between 8:30AM and 4:30PM, Mon to Fri"
1,20045025,08-01-1958,310310,12080617,"Please call 311 between 8:30AM and 4:30PM, Mon to Fri"
783,20079003,09-14-1973,391852,12230264,
26,20050001,10-07-1989,413663,12099300,"Please call 311 between 8:30AM and 4:30PM, Mon to Fri"
28,20050003,02-28-1940,56830,12098917,"Please call 311 between 8:30AM and 4:30PM, Mon to Fri"
352,20062011,04-28-1968,424016,12158685,
81,20052019,11-23-1984,331973,12110646,"Please call 311 between 8:30AM and 4:30PM, Mon to Fri"
54,20051021,08-20-1988,424281,12104543,"Please call 311 between 8:30AM and 4:30PM, Mon to Fri"
430,20065011,01-15-1988,415396,12172181,
404,20064018,09-15-1994,391483,12169678,"Please call 311 between 8:30AM and 4:30PM, Mon to Fri"
93,20053007,07-29-1966,414363,12115962,"Please call 311 between 8:30AM and 4:30PM, Mon to Fri"
121,20054012,11-09-1990,405289,12121624,
564,20070030,12-02-1967,420490,12194183,
51,20051018,02-27-1973,395039,12106157,"Please call 311 between 8:30AM and 4:30PM, Mon to Fri"
100,20053014,03-07-1958,413260,12117959,"Please call 311 between 8:30AM and 4:30PM, Mon to Fri"
660,20073004,11-07-1956,419995,12205590,
758,20078019,04-22-1955,335865,12224208,
317,20061007,02-14-1951,46885,12154546,"Please call 311 between 8:30AM and 4:30PM, Mon to Fri"
372,20063020,06-29-1960,364886,12163362,
543,20070008,02-13-1988,310656,12192707,
658,20073002,11-24-1980,377732,12206787,
150,20055009,05-22-1969,376664,12125750,
428,20065009,10-29-1954,38764,12171415,
39,20050028,05-21-1979,423225,12100164,"Please call 311 between 8:30AM and 4:30PM, Mon to Fri"
116,20054007,07-25-1967,421715,12121936,"Please call 311 between 8:30AM and 4:30PM, Mon to Fri"
438,20065019,02-24-1975,23021,12174148,
380,20063028,02-14-1968,31802,12162060,
619,20071036,09-18-1955,48069,12197239,
664,20073008,11-28-1961,275751,12206145,
74,20052006,10-21-1989,409552,12111579,"Please call 311 between 8:30AM and 4:30PM, Mon to Fri"
52,20051019,07-07-1948,415903,12106206,"Please call 311 between 8:30AM and 4:30PM, Mon to Fri"
17,20047013,08-13-1946,423207,12089089,"Please call 311 between 8:30AM and 4:30PM, Mon to Fri"
124,20054015,08-22-1963,323890,12120512,
73,20052005,03-14-1988,312866,12111908,"Please call 311 between 8:30AM and 4:30PM, Mon to Fri"
262,20059006,03-08-1949,289363,12146267,
260,20059003,01-05-1975,418887,12144039,
411,20064025,03-01-1951,355952,12169037,"Please call 311 between 8:30AM and 4:30PM, Mon to Fri"
68,20051037,06-15-1984,35846,12104895,"Please call 311 between 8:30AM and 4:30PM, Mon to Fri"
63,20051032,12-29-1975,30248,12108340,"Please call 311 between 8:30AM and 4:30PM, Mon to Fri"
87,20052028,06-29-1946,11929,12110028,"Please call 311 between 8:30AM and 4:30PM, Mon to Fri"
118,20054009,07-14-1990,320041,12120244,
513,20067025,10-05-1955,38570,12183843,
322,20061012,02-14-1962,301784,12154617,
123,20054014,04-10-1975,368471,12119470,
272,20059017,04-10-1972,420050,12145540,
107,20053022,10-24-1997,423060,12115134,"Please call 311 between 8:30AM and 4:30PM, Mon to Fri"
759,20078020,11-27-1957,414515,12226768,
807,20079028,03-12-1995,425234,12228807,
90,20053001,08-19-1983,424448,12116056,"Please call 311 between 8:30AM and 4:30PM, Mon to Fri"
492,20067004,05-14-1967,280891,12184327,
34,20050016,11-01-1955,9960,12097898,"Please call 311 between 8:30AM and 4:30PM, Mon to Fri"
114,20054005,03-08-1977,337026,12120056,"Please call 311 between 8:30AM and 4:30PM, Mon to Fri"
140,20054032,12-08-1959,420251,12120547,
64,20051033,12-17-1970,41107,12106026,"Please call 311 between 8:30AM and 4:30PM, Mon to Fri"
110,20053031,04-02-1983,7586,12117743,"Please call 311 between 8:30AM and 4:30PM, Mon to Fri"
117,20054008,05-18-1963,23587,12120526,
19,20048001,01-22-1981,381782,12092908,"Please call 311 between 8:30AM and 4:30PM, Mon to Fri"
98,20053012,11-20-1963,388104,12114299,
244,20058015,12-05-1977,424786,12138349,"Please call 311 between 8:30AM and 4:30PM, Mon to Fri"
61,20051030,03-05-1943,308562,12103906,"Please call 311 between 8:30AM and 4:30PM, Mon to Fri"
48,20051014,09-13-1959,363672,12106052,"Please call 311 between 8:30AM and 4:30PM, Mon to Fri"
112,20054003,11-28-1990,424714,12120375,"Please call 311 between 8:30AM and 4:30PM, Mon to Fri"
696,20074016,01-14-1965,424011,12211270,
635,20072016,06-01-1995,417853,12205402,
657,20073001,06-12-1974,358270,12206779,
285,20059033,07-18-1970,23269,12144407,
15,20047011,06-07-1983,423848,12090162,"Please call 311 between 8:30AM and 4:30PM, Mon to Fri"
32,20050012,03-08-1967,291142,12098323,"Please call 311 between 8:30AM and 4:30PM, Mon to Fri"
183,20056036,05-11-1962,40298,12127682,
841,20081004,08-25-1964,301650,12236608,
53,20051020,12-06-1955,40250,12105039,"Please call 311 between 8:30AM and 4:30PM, Mon to Fri"
125,20054016,09-04-1981,317941,12122277,
60,20051029,07-22-1957,7682,12105576,"Please call 311 between 8:30AM and 4:30PM, Mon to Fri"
36,20050023,12-22-1983,351783,12101814,"Please call 311 between 8:30AM and 4:30PM, Mon to Fri"
25,20049010,01-14-1983,297235,12097563,"Please call 311 between 8:30AM and 4:30PM, Mon to Fri"
70,20051040,06-07-1966,395528,12104892,"Please call 311 between 8:30AM and 4:30PM, Mon to Fri"
35,20050020,06-16-1973,421163,12100182,"Please call 311 between 8:30AM and 4:30PM, Mon to Fri"
710,20077001,03-26-1947,6390,12220489,
325,20061016,03-16-1993,424865,12155908,
80,20052018,04-19-1967,412285,12109312,"Please call 311 between 8:30AM and 4:30PM, Mon to Fri"
655,20072036,02-19-1965,6782,12203166,
83,20052022,05-18-1976,402653,12112841,"Please call 311 between 8:30AM and 4:30PM, Mon to Fri"
8,20046037,06-30-1971,313461,12083663,"Please call 311 between 8:30AM and 4:30PM, Mon to Fri"
477,20066019,07-21-1971,424965,12178065,
178,20056031,01-01-1975,358158,12127726,
772,20078034,01-18-1970,36808,12225714,
707,20074027,05-12-1979,411903,12211301,
846,20081009,04-10-1988,417281,12239530,
572,20070038,08-17-1990,326800,12192462,
416,20064030,03-02-1993,423941,12166347,
105,20053020,05-18-1979,411211,12118250,"Please call 311 between 8:30AM and 4:30PM, Mon to Fri"
673,20073018,10-10-1976,44513,12207336,
88,20052029,01-08-1975,351845,12110689,"Please call 311 between 8:30AM and 4:30PM, Mon to Fri"
78,20052016,12-17-1992,352062,12113407,"Please call 311 between 8:30AM and 4:30PM, Mon to Fri"
101,20053016,03-27-1987,420955,12116828,"Please call 311 between 8:30AM and 4:30PM, Mon to Fri"
518,20067031,04-04-1960,289354,12183998,
507,20067019,05-25-1990,387590,12183043,
357,20063001,10-15-2001,424803,12163528,
24,20049006,04-28-1963,424564,12094968,"Please call 311 between 8:30AM and 4:30PM, Mon to Fri"
412,20064026,01-24-1980,423885,12167941,
420,20064035,09-16-1967,317825,12167269,"Please call 311 between 8:30AM and 4:30PM, Mon to Fri"
44,20051006,02-03-1976,424616,12104938,"Please call 311 between 8:30AM and 4:30PM, Mon to Fri"
233,20057050,07-17-1963,359330,12132856,
808,20079029,05-12-1976,336514,12232229,
695,20074015,10-05-1984,424536,12210841,
790,20079010,02-21-1980,424889,12229577,
864,20081028,11-03-1989,417206,12237974,
33,20050014,12-31-2021,121014,12101417,"Please call 311 between 8:30AM and 4:30PM, Mon to Fri"
489,20067001,05-05-1972,415351,12180720,
617,20071034,10-31-1968,47160,12200449,
387,20063035,08-20-1999,420231,12162538,"Please call 311 between 8:30AM and 4:30PM, Mon to Fri"
40,20050029,08-03-1950,372137,12098205,"Please call 311 between 8:30AM and 4:30PM, Mon to Fri"
66,20051035,11-19-1972,414287,12108551,"Please call 311 between 8:30AM and 4:30PM, Mon to Fri"
324,20061014,09-20-1953,44897,12154679,
23,20049005,04-19-1995,373559,12095203,"Please call 311 between 8:30AM and 4:30PM, Mon to Fri"
71,20051041,04-14-1972,417442,12104336,"Please call 311 between 8:30AM and 4:30PM, Mon to Fri"
821,20080010,08-31-1989,355738,12232509,
69,20051038,07-26-1983,417035,12105568,"Please call 311 between 8:30AM and 4:30PM, Mon to Fri"
367,20063014,02-19-1980,405986,12164354,
270,20059015,07-20-1963,27918,12143516,
712,20077003,12-22-1953,286250,12220086,
276,20059021,07-08-1962,331349,12146118,"Please call 311 between 8:30AM and 4:30PM, Mon to Fri"
589,20071003,07-18-1963,404215,12196673,
225,20057042,08-26-1964,14315,12131953,
382,20063030,02-13-1945,419223,12161418,
811,20079032,01-01-1962,412910,12230500,
512,20067024,01-19-1966,274870,12181660,
388,20064002,01-12-1981,406693,12168779,
144,20055003,01-25-1982,424727,12125318,"Please call 311 between 8:30AM and 4:30PM, Mon to Fri"
431,20065012,01-12-1989,362128,12170737,
440,20065021,10-11-1968,309859,12172518,
384,20063032,03-01-1973,324436,12161186,
14,20047009,09-12-1985,350370,12089295,"Please call 311 between 8:30AM and 4:30PM, Mon to Fri"
391,20064005,07-08-1961,10203,12167537,
825,20080014,05-07-1979,391277,12232945,
447,20065028,02-02-1962,419270,12172559,
792,20079013,11-09-1980,425304,12230887,
742,20078002,02-04-1956,317197,12228054,
540,20070005,10-16-1968,395893,12193696,
407,20064021,07-31-1960,378144,12168720,"Please call 311 between 8:30AM and 4:30PM, Mon to Fri"
309,20060025,10-05-1959,340532,12148945,"Please call 311 between 8:30AM and 4:30PM, Mon to Fri"
295,20060011,11-23-1954,29342,12148099,
731,20077025,11-16-1996,415595,12223846,
316,20061006,08-30-1990,418387,12153261,
495,20067007,05-17-1964,332934,12180621,
671,20073015,10-25-1961,41093,12207398,
749,20078009,12-04-1964,382598,12224710,
630,20072011,10-03-1990,423549,12200808,
321,20061011,12-31-1953,15716,12154577,
804,20079025,10-17-1955,371321,12229968,
455,20065036,03-30-1968,378849,12175051,
235,20058004,06-27-1959,33124,12139181,
678,20073023,08-05-1982,423676,12206251,
679,20073024,01-03-1946,397737,12208000,
719,20077010,06-03-1989,378909,12220277,
483,20066025,02-01-1969,382226,12177556,
296,20060012,12-31-1971,311065,12151912,
591,20071005,11-23-1971,38110,12197079,
12,20047004,02-01-1957,331236,12088803,"Please call 311 between 8:30AM and 4:30PM, Mon to Fri"
745,20078005,04-19-1962,40112,12227683,
522,20068003,08-10-1993,425052,12187038,
716,20077007,02-19-1983,325346,12222263,
853,20081017,06-20-1983,425350,12236256,
6,20046034,08-05-1991,326983,12083493,"Please call 311 between 8:30AM and 4:30PM, Mon to Fri"
504,20067016,05-26-1974,294589,12180857,
300,20060016,09-14-1957,404638,12151980,
845,20081008,03-04-1981,425323,12236550,
661,20073005,12-27-1972,308948,12208088,
303,20060019,01-07-1970,383725,12149635,
628,20072009,08-05-1988,425147,12202095,
859,20081023,10-13-1975,423975,12237105,
834,20080023,06-29-1977,421695,12234837,
640,20072021,10-20-1976,424723,12202951,
677,20073022,01-21-1965,56701,12208568,
319,20061009,04-21-1952,416834,12154636,"Please call 311 between 8:30AM and 4:30PM, Mon to Fri"
305,20060021,10-07-1987,422160,12149957,"Please call 311 between 8:30AM and 4:30PM, Mon to Fri"
358,20063003,05-17-1952,396612,12163234,
172,20056025,02-23-1991,401323,12128987,
487,20066030,09-19-1994,367062,12177071,
651,20072032,04-03-1966,424372,12203803,
339,20061031,02-27-1946,413079,12154685,
832,20080021,03-05-1957,291800,12233264,
779,20078041,01-27-1982,402685,12225935,
852,20081016,04-19-1965,287212,12237180,
622,20072002,03-29-1958,387903,12201193,
855,20081019,12-26-1982,32950,12237094,
472,20066014,02-28-1990,305621,12177015,
201,20057016,06-08-1957,416603,12132902,
326,20061017,06-14-1972,43245,12156095,
669,20073013,09-13-1994,424722,12206226,
514,20067026,09-26-1988,421001,12182941,
751,20078011,05-05-1969,411294,12223999,
663,20073007,11-20-1992,425097,12208613,
153,20056003,06-03-1956,404886,12128188,
768,20078030,04-15-1989,418428,12226926,
725,20077018,11-10-1960,320978,12220063,
778,20078040,12-19-1979,294738,12226331,
581,20070047,09-21-1948,336126,12191729,
109,20053027,01-07-1959,41097,12116138,"Please call 311 between 8:30AM and 4:30PM, Mon to Fri"
245,20058016,01-29-1975,420927,12137556,
215,20057032,02-17-1981,363294,12135450,
659,20073003,01-04-1974,407289,12208134,
566,20070032,02-16-1979,425078,12194191,
738,20077032,10-28-1984,367563,12221053,
250,20058022,06-20-1954,370808,12140293,
141,20054033,04-03-1990,392854,12119670,
337,20061029,11-28-1952,40272,12154627,"Please call 311 between 8:30AM and 4:30PM, Mon to Fri"
818,20080007,04-07-1989,293958,12235885,
838,20081001,07-06-1991,414014,12236279,
817,20080006,03-28-1980,417981,12234011,
133,20054025,05-19-1981,6830,12120489,
750,20078010,05-29-1964,30581,12224319,
670,20073014,08-17-1966,50628,12207367,
360,20063006,01-08-1983,423911,12164230,
494,20067006,11-10-1981,401351,12182168,
882,20083002,07-14-1964,39852,12244366,
461,20066003,07-04-1971,419656,12178266,
261,20059005,04-13-1984,423856,12143054,
595,20071009,01-23-1963,47659,12197907,
390,20064004,05-21-1974,28987,12167798,
145,20055004,12-29-1975,374903,12122613,
585,20070051,10-21-1986,410056,12192336,
592,20071006,09-23-1959,327727,12199361,
4,20046032,12-08-1971,417050,12086022,"Please call 311 between 8:30AM and 4:30PM, Mon to Fri"
385,20063033,01-06-1990,415315,12160395,"Please call 311 between 8:30AM and 4:30PM, Mon to Fri"
782,20079002,10-02-1960,298995,12232025,
618,20071035,11-30-1987,424752,12197708,
555,20070021,07-13-1982,394281,12193169,
456,20065037,12-27-1981,386722,12171103,
343,20061035,03-02-1931,420539,12154642,"Please call 311 between 8:30AM and 4:30PM, Mon to Fri"
611,20071028,06-29-1966,425107,12197812,
874,20082005,09-30-1978,302362,12242597,
802,20079023,11-02-1992,415281,12229413,
452,20065033,08-03-1985,307219,12170901,
374,20063022,06-18-1959,15628,12161709,
154,20056004,01-01-1980,38979,12130017,"Please call 311 between 8:30AM and 4:30PM, Mon to Fri"
887,20083007,08-22-1955,37053,12242923,
813,20080002,04-16-1967,393217,12235079,
888,20083008,07-21-1973,20787,12242757,
493,20067005,02-01-1968,288240,12184519,
377,20063025,05-20-1978,420653,12163476,"Please call 311 between 8:30AM and 4:30PM, Mon to Fri"
703,20074023,11-16-1961,405666,12214006,
331,20061022,07-05-1958,47926,12154673,"Please call 311 between 8:30AM and 4:30PM, Mon to Fri"
156,20056006,03-11-1963,424561,12129131,
539,20070004,10-07-1963,43023,12192303,
341,20061033,03-21-1973,413370,12156103,
365,20063012,06-04-1978,355122,12160268,
567,20070033,05-17-1982,408724,12191778,
867,20081031,12-16-1953,384251,12238830,
787,20079007,11-30-1991,379901,12231366,
169,20056021,06-11-1959,288200,12129185,
558,20070024,10-07-1982,424417,12193729,
796,20079017,05-25-1955,419773,12229631,
293,20060009,07-23-1964,415619,12149454,
152,20056002,10-29-1962,13753,12127061,
247,20058018,02-22-1945,283312,12138569,"Please call 311 between 8:30AM and 4:30PM, Mon to Fri"
799,20079020,05-15-1974,39468,12229800,
715,20077006,03-15-1995,410124,12221417,
681,20074001,07-15-1969,19489,12211884,
414,20064028,06-14-1956,368809,12169231,
523,20068004,07-06-1949,391688,12187725,
223,20057040,03-28-1970,10929,12134326,"Please call 311 between 8:30AM and 4:30PM, Mon to Fri"
616,20071033,02-24-1969,425110,12197966,
469,20066011,05-18-1997,424993,12176919,
586,20070052,08-11-1958,305811,12191701,
740,20077034,07-21-1959,385321,12220696,
627,20072008,10-10-1964,273884,12202456,
744,20078004,02-02-1978,56662,12227993,
299,20060015,10-24-1976,32906,12149542,"Please call 311 between 8:30AM and 4:30PM, Mon to Fri"
301,20060017,06-18-1989,422461,12147896,
241,20058012,01-03-1960,340386,12139388,"Please call 311 between 8:30AM and 4:30PM, Mon to Fri"
505,20067017,09-20-1968,290841,12181788,
536,20070001,10-28-1972,323776,12193961,
587,20071001,05-29-1976,7579,12200156,
207,20057024,05-06-1976,22911,12132900,
873,20082004,12-23-1962,423245,12241527,
842,20081005,01-15-1979,368602,12236371,
556,20070022,12-21-1967,349020,12193106,
473,20066015,10-18-1962,6812,12179866,
488,20066032,09-06-1959,53399,12176823,
722,20077013,08-16-1945,378042,12221123,
570,20070036,08-04-1963,389444,12195012,
436,20065017,10-14-1959,379348,12171821,
306,20060022,08-30-1967,411157,12150140,
857,20081021,03-20-1978,377561,12238818,
439,20065020,11-01-1993,398785,12173463,
624,20072004,04-27-1977,36516,12202441,
353,20062012,07-02-1975,420114,12158275,
506,20067018,03-01-1986,398976,12182624,
392,20064006,01-19-1972,290711,12167607,"Please call 311 between 8:30AM and 4:30PM, Mon to Fri"
526,20068007,08-01-1954,425051,12187079,
561,20070027,02-07-1982,407266,12193595,
724,20077016,12-28-1971,305648,12223054,
499,20067011,05-01-1949,391655,12182706,
320,20061010,03-25-1956,33000,12154584,
529,20069002,04-19-1988,369942,12189815,
752,20078012,12-05-1978,286712,12225741,
871,20082002,04-26-1959,19219,12240635,
232,20057049,10-13-1984,13033,12136039,"Please call 311 between 8:30AM and 4:30PM, Mon to Fri"
641,20072022,07-24-1984,425148,12203427,
161,20056011,04-05-1976,316119,12128349,"Please call 311 between 8:30AM and 4:30PM, Mon to Fri"
401,20064015,04-15-1980,333506,12168363,
185,20056038,10-09-1987,357694,12129816,"Please call 311 between 8:30AM and 4:30PM, Mon to Fri"
269,20059014,12-19-1991,390473,12145928,
442,20065023,08-03-1968,389105,12171334,
629,20072010,09-19-1987,291384,12203597,
620,20071037,12-09-1962,12750,12198378,
454,20065035,09-21-1980,374565,12171680,
139,20054031,04-02-1965,357778,12120395,
533,20069008,09-16-1958,32092,12189500,
870,20082001,12-20-1983,53778,12241321,
854,20081018,04-02-1988,418752,12238663,
656,20072037,12-13-1959,34953,12201948,
763,20078025,09-11-1975,405667,12226245,
662,20073006,01-16-1984,395113,12208857,
148,20055007,04-29-1976,8896,12123700,
423,20065004,07-23-1978,267705,12171755,
475,20066017,09-11-1964,13864,12179370,
249,20058021,05-31-1978,406257,12137651,
727,20077021,03-18-1964,14750,12221165,
13,20047006,08-01-1985,380362,12087683,"Please call 311 between 8:30AM and 4:30PM, Mon to Fri"
228,20057045,08-02-1980,21433,12135839,
893,20083013,10-23-1962,408389,12243796,
700,20074020,09-17-1973,395206,12210788,
9,20046039,02-28-1978,421385,12085424,"Please call 311 between 8:30AM and 4:30PM, Mon to Fri"
425,20065006,04-09-1973,313355,12173763,
287,20060001,08-02-1988,391749,12148453,"Please call 311 between 8:30AM and 4:30PM, Mon to Fri"
237,20058007,01-13-1976,14945,12140747,
812,20080001,02-21-1945,421741,12233065,
265,20059010,02-28-1950,47252,12143193,
346,20062003,04-19-1986,11332,12157422,
803,20079024,11-05-1983,425240,12232021,
497,20067009,12-18-1972,21823,12181281,
676,20073021,06-19-1969,21236,12207028,
634,20072015,08-09-1990,310398,12205164,
705,20074025,12-30-1961,389020,12210259,
574,20070040,01-09-1963,27224,12194246,
402,20064016,09-05-1961,404981,12166139,
184,20056037,09-10-1971,313808,12130083,
474,20066016,03-15-1979,43301,12177666,
675,20073020,03-04-1973,411976,12206059,
652,20072033,09-02-1967,417762,12201652,
525,20068006,10-02-1948,424396,12185381,
800,20079021,12-08-1962,52949,12231142,
850,20081013,08-14-1970,421394,12238301,
879,20082010,12-23-1986,396021,12240236,
554,20070020,05-02-1957,6414,12190966,
188,20057001,12-18-1975,414601,12135813,
579,20070045,06-20-1944,397892,12192456,
784,20079004,05-15-1963,20054,12231478,
666,20073010,05-04-1994,415215,12205996,
243,20058014,08-12-1956,424749,12139472,"Please call 311 between 8:30AM and 4:30PM, Mon to Fri"
734,20077028,10-06-1951,381944,12222722,
612,20071029,05-29-1961,339447,12199840,
557,20070023,11-08-1978,281466,12193148,
129,20054021,06-08-1994,420313,12121876,
10,20046040,11-10-1949,13237,12085819,"Please call 311 between 8:30AM and 4:30PM, Mon to Fri"
231,20057048,12-07-1942,309913,12135135,"Please call 311 between 8:30AM and 4:30PM, Mon to Fri"
134,20054026,10-11-1964,301387,12120417,
195,20057009,09-15-1959,422224,12135894,
256,20058028,12-10-1976,344295,12139320,
510,20067022,01-17-1987,296382,12181625,
839,20081002,07-26-1958,402900,12236245,
797,20079018,03-17-1983,338775,12229731,
369,20063016,12-09-1988,423234,12162917,
875,20082006,01-03-1976,36061,12240900,
258,20059001,12-14-1971,305257,12145904,
606,20071021,06-18-1980,17285,12198065,
837,20080026,12-06-1949,386576,12235308,
283,20059030,12-14-1978,288364,12146313,"Please call 311 between 8:30AM and 4:30PM, Mon to Fri"
196,20057010,11-04-1985,322045,12133762,"Please call 311 between 8:30AM and 4:30PM, Mon to Fri"
335,20061027,09-16-1964,423798,12154555,
531,20069005,05-08-1962,13405,12189451,
334,20061026,08-11-1960,373912,12154574,
194,20057008,06-16-1978,12333,12131537,
698,20074018,01-31-1988,36159,12210979,
239,20058009,09-05-1976,378991,12139431,
881,20083001,10-11-1952,320366,12243692,
642,20072023,12-01-1981,369682,12202467,
777,20078039,01-30-1944,351349,12227734,
149,20055008,04-17-1976,414123,12123486,
607,20071023,08-06-1958,30668,12199036,
227,20057044,09-27-1951,412489,12132857,"Please call 311 between 8:30AM and 4:30PM, Mon to Fri"
843,20081006,03-07-1956,292382,12237098,
166,20056017,04-28-1980,397050,12128241,"Please call 311 between 8:30AM and 4:30PM, Mon to Fri"
820,20080009,10-19-1975,400807,12234017,
541,20070006,11-02-1988,314910,12192869,
408,20064022,08-14-1964,334243,12170196,
451,20065032,10-07-1972,21862,12171463,
171,20056024,07-10-1987,286124,12129635,
683,20074003,07-08-1970,291511,12211168,
860,20081024,02-18-1978,351196,12237335,
219,20057036,12-04-1960,405508,12134808,
376,20063024,06-08-1964,421952,12163128,
222,20057039,05-31-1962,10079,12133066,
775,20078037,01-13-1989,307587,12226483,
544,20070009,05-10-1982,7040,12192680,
597,20071011,03-20-1982,321361,12197945,
470,20066012,04-22-1955,408390,12178931,
535,20069010,03-08-1949,42427,12188252,
327,20061018,01-10-1996,424003,12153655,
680,20073025,12-01-1978,395825,12209626,
457,20065038,08-29-1958,330090,12172957,
163,20056014,09-16-1967,423685,12128836,
302,20060018,10-11-1960,289604,12148413,
532,20069006,08-17-1954,21971,12189009,
409,20064023,12-23-1952,359821,12168763,
691,20074011,03-26-1965,43638,12210567,
588,20071002,10-09-1990,419890,12199437,
294,20060010,11-25-1958,387155,12149150,
754,20078014,03-31-1955,56699,12228345,
274,20059019,03-27-1963,286316,12144431,
282,20059029,05-26-1972,25863,12144603,
181,20056034,12-28-1959,37106,12129939,
417,20064031,01-09-1988,416402,12168542,
684,20074004,06-24-1951,291987,12212488,
519,20067032,09-21-1970,369953,12182318,
403,20064017,12-03-1950,38989,12167362,
379,20063027,01-13-1954,316355,12165276,"Please call 311 between 8:30AM and 4:30PM, Mon to Fri"
146,20055005,03-08-1966,378816,12124854,"Please call 311 between 8:30AM and 4:30PM, Mon to Fri"
370,20063018,03-18-1965,359817,12162856,"Please call 311 between 8:30AM and 4:30PM, Mon to Fri"
297,20060013,03-21-1995,386355,12151154,"Please call 311 between 8:30AM and 4:30PM, Mon to Fri"
573,20070039,02-20-1987,334562,12193258,
508,20067020,08-20-1984,11968,12183319,
186,20056041,10-03-1944,41581,12127554,
138,20054030,06-17-1971,326171,12119255,
480,20066022,07-30-1952,330949,12177306,
723,20077014,06-24-1981,378211,12223912,
665,20073009,09-26-1952,15187,12208118,
568,20070034,09-18-1996,425082,12194658,
147,20055006,08-02-1972,36071,12123533,
528,20069001,11-22-1958,360616,12189636,
29,20050006,02-03-1973,367279,12099413,"Please call 311 between 8:30AM and 4:30PM, Mon to Fri"
264,20059009,08-28-1986,292362,12146246,"Please call 311 between 8:30AM and 4:30PM, Mon to Fri"
355,20062014,06-22-1959,271335,12156602,"Please call 311 between 8:30AM and 4:30PM, Mon to Fri"
419,20064033,02-11-1983,417318,12170577,"Please call 311 between 8:30AM and 4:30PM, Mon to Fri"
582,20070048,07-14-1964,424972,12194280,
530,20069003,12-14-1956,36434,12190114,
520,20067033,03-30-1974,338396,12182770,
826,20080015,01-06-1958,281270,12235617,
827,20080016,05-12-1984,421410,12233153,
464,20066006,04-08-1972,414486,12177878,
534,20069009,01-11-1956,26436,12189276,
323,20061013,05-08-1974,349651,12154607,"Please call 311 between 8:30AM and 4:30PM, Mon to Fri"
328,20061019,05-11-1943,30219,12154580,
593,20071007,03-12-1955,408960,12199263,
636,20072017,11-28-1978,399267,12201688,
732,20077026,05-05-1952,424942,12220846,
236,20058006,08-18-1978,15074,12137657,"Please call 311 between 8:30AM and 4:30PM, Mon to Fri"
373,20063021,04-22-1980,422849,12160351,
816,20080005,07-12-1987,415534,12233006,
179,20056032,10-10-1954,410131,12126713,
637,20072018,10-20-1965,425084,12203441,
829,20080018,06-01-1954,419627,12233891,
448,20065029,08-25-1967,424654,12171673,
485,20066027,01-28-1994,361663,12177803,
553,20070019,09-25-1951,38542,12190972,
766,20078028,02-07-1977,425282,12225164,
383,20063031,07-31-1962,27701,12162846,
267,20059012,08-03-1982,268468,12145739,
386,20063034,11-18-1982,396850,12160758,
632,20072013,10-24-1970,418266,12203123,
728,20077022,09-03-1961,380094,12220098,
174,20056027,05-06-1981,330586,12126372,"Please call 311 between 8:30AM and 4:30PM, Mon to Fri"
598,20071012,07-09-1976,300510,12199560,
486,20066028,10-24-1965,419888,12175895,
310,20060026,04-14-1976,375097,12151764,
482,20066024,09-05-1965,46814,12179928,
279,20059026,06-01-1989,330543,12145862,"Please call 311 between 8:30AM and 4:30PM, Mon to Fri"
760,20078021,12-07-1971,423121,12227653,
290,20060005,04-09-1953,42378,12149225,
560,20070026,08-03-1962,19817,12192653,
62,20051031,07-28-1958,414224,12103934,"Please call 311 between 8:30AM and 4:30PM, Mon to Fri"
626,20072006,10-19-2000,425149,12203489,
490,20067002,10-25-1984,19447,12182414,
739,20077033,05-02-1955,17745,12220199,
615,20071032,01-19-1966,28792,12197137,
596,20071010,06-11-1969,8153,12197182,
240,20058011,03-05-1952,407251,12137252,
709,20076001,03-20-1991,420938,12217848,
463,20066005,10-17-1952,290697,12178948,
718,20077009,06-30-1967,412947,12222679,
361,20063007,04-05-1964,38307,12159715,
625,20072005,09-23-1959,295282,12203695,
757,20078018,05-07-1967,356658,12227284,
252,20058024,03-10-1954,36884,12137724,
789,20079009,11-29-1954,409843,12230221,
770,20078032,10-11-1984,414605,12225292,
281,20059028,07-11-1957,27802,12147139,"Please call 311 between 8:30AM and 4:30PM, Mon to Fri"
289,20060004,07-18-1969,406806,12151404,
868,20081032,03-11-1975,377817,12239476,
273,20059018,09-06-1985,358046,12144454,"Please call 311 between 8:30AM and 4:30PM, Mon to Fri"
576,20070042,02-20-1969,361806,12193027,
621,20072001,12-08-1970,319298,12201374,
137,20054029,05-06-1954,391384,12120452,
498,20067010,08-02-1993,360436,12182375,
142,20054034,06-18-1968,378818,12121086,
720,20077011,09-18-1948,380139,12219761,
815,20080004,09-05-1990,414755,12235420,
726,20077020,12-22-1978,416013,12222936,
633,20072014,10-12-1967,18799,12204644,
344,20062001,06-05-1973,338674,12157438,"Please call 311 between 8:30AM and 4:30PM, Mon to Fri"
204,20057020,10-06-1956,406540,12133879,
690,20074010,04-05-1971,10507,12211423,
127,20054019,01-15-1966,305615,12121026,
375,20063023,03-23-1987,334513,12164698,"Please call 311 between 8:30AM and 4:30PM, Mon to Fri"
674,20073019,09-10-1967,302601,12207022,
865,20081029,02-27-1993,416015,12237265,
891,20083011,11-15-1959,334181,12245426,
863,20081027,09-19-1974,319446,12237680,
190,20057003,08-30-1988,424712,12136245,"Please call 311 between 8:30AM and 4:30PM, Mon to Fri"
702,20074022,06-03-1970,409153,12211570,
459,20066001,10-18-1979,412227,12179832,
429,20065010,08-28-1989,419086,12172880,
602,20071017,07-27-1991,377996,12198930,
648,20072029,03-17-1967,20121,12204343,
668,20073012,03-05-1988,425170,12206100,
5,20046033,10-15-1976,408483,12085973,"Please call 311 between 8:30AM and 4:30PM, Mon to Fri"
647,20072028,04-18-1974,376406,12204196,
362,20063008,02-21-1954,419259,12162831,
347,20062004,01-18-1971,402947,12157861,"Please call 311 between 8:30AM and 4:30PM, Mon to Fri"
263,20059007,04-29-1956,320852,12143938,"Please call 311 between 8:30AM and 4:30PM, Mon to Fri"
503,20067015,12-05-1966,415648,12182244,
466,20066008,11-29-1977,404444,12178684,
170,20056023,08-22-1995,422921,12129305,
422,20065003,01-07-1976,420136,12175141,
831,20080020,07-13-1991,380302,12233982,
786,20079006,12-10-1976,393802,12230192,
366,20063013,10-09-1961,52388,12162604,"Please call 311 between 8:30AM and 4:30PM, Mon to Fri"
444,20065025,10-16-1972,321007,12171087,
242,20058013,12-03-1957,49183,12137807,
667,20073011,03-27-1988,364942,12207204,
199,20057013,04-14-1971,11747,12135820,
251,20058023,10-26-1980,424757,12139931,
368,20063015,09-25-1975,17828,12161259,
165,20056016,07-20-1982,388725,12130117,"Please call 311 between 8:30AM and 4:30PM, Mon to Fri"
601,20071016,04-03-1943,296496,12197221,
266,20059011,05-19-1978,422865,12146299,
793,20079014,09-30-1964,390037,12229879,
350,20062009,01-17-1976,401559,12157834,"Please call 311 between 8:30AM and 4:30PM, Mon to Fri"
603,20071018,08-08-1984,307705,12196860,
714,20077005,06-13-1956,318109,12221849,
182,20056035,02-21-1956,415558,12127381,
861,20081025,03-11-1986,425325,12236647,
580,20070046,12-07-1985,366495,12193079,
126,20054018,10-06-1984,424706,12120932,"Please call 311 between 8:30AM and 4:30PM, Mon to Fri"
830,20080019,05-07-1956,297834,12235517,
230,20057047,01-14-1967,50593,12134618,
500,20067012,08-09-1962,280595,12183918,
248,20058019,10-03-1980,8562,12141208,
191,20057005,10-22-1993,372478,12134251,"Please call 311 between 8:30AM and 4:30PM, Mon to Fri"
885,20083005,09-21-1983,401498,12244912,
304,20060020,12-20-1983,423456,12150248,
729,20077023,07-04-1972,11927,12220205,
798,20079019,04-27-1974,337550,12231329,
330,20061021,02-10-1977,392842,12154561,
692,20074012,05-27-1964,55169,12212346,
406,20064020,04-02-1951,328756,12170366,
313,20061002,08-28-1976,423285,12156083,
162,20056013,10-14-1971,387896,12129974,"Please call 311 between 8:30AM and 4:30PM, Mon to Fri"
458,20065039,07-31-1992,382046,12171715,
286,20059034,02-02-1969,351431,12143395,
762,20078024,11-11-1983,339747,12224510,
415,20064029,06-12-1957,338092,12166077,
613,20071030,03-29-1960,10933,12197817,
584,20070050,06-25-1978,425063,12191374,
311,20060027,08-19-1979,388275,12151414,
502,20067014,12-29-1960,52053,12183906,
552,20070018,01-24-1980,425058,12194571,
856,20081020,09-24-1962,425128,12236774,
833,20080022,12-29-1959,425309,12232545,
685,20074005,02-23-1964,35606,12212358,
753,20078013,04-04-1965,32122,12225946,
203,20057018,07-17-1970,416525,12133711,"Please call 311 between 8:30AM and 4:30PM, Mon to Fri"
467,20066009,03-05-1959,44087,12177285,
565,20070031,03-22-1956,16862,12194860,
577,20070043,10-08-1961,314133,12194034,
809,20079030,12-19-1960,359950,12232032,
275,20059020,01-01-1962,276065,12146205,
496,20067008,06-25-1956,45427,12184214,
578,20070044,03-09-1947,400407,12194381,
209,20057026,09-06-1970,291547,12134341,"Please call 311 between 8:30AM and 4:30PM, Mon to Fri"
551,20070017,11-11-1982,365832,12191763,
342,20061034,10-30-1943,318779,12154598,
542,20070007,07-04-1957,412474,12192744,
600,20071014,04-05-1964,49218,12197871,
654,20072035,01-15-1963,424467,12201551,
308,20060024,07-29-1970,22676,12151575,
481,20066023,05-15-1961,45946,12180329,
405,20064019,02-03-1968,405246,12167935,"Please call 311 between 8:30AM and 4:30PM, Mon to Fri"
348,20062005,09-21-1973,410528,12158272,"Please call 311 between 8:30AM and 4:30PM, Mon to Fri"
517,20067030,07-12-1964,39804,12181719,
259,20059002,12-26-1965,22585,12144696,
806,20079027,11-15-1953,44595,12231497,
756,20078016,06-08-1967,36206,12225691,
550,20070016,07-17-1968,408660,12192995,
128,20054020,09-10-1960,398022,12120461,
491,20067003,10-24-1984,362916,12185027,
193,20057007,03-28-1967,424743,12132162,
746,20078006,08-08-1996,382760,12226697,
465,20066007,03-21-1977,419283,12178086,
176,20056029,05-13-1989,415587,12128212,
511,20067023,09-27-1967,351500,12182988,
257,20058029,09-16-1960,334629,12140542,
449,20065030,08-07-1952,424661,12174082,
509,20067021,02-15-1959,35290,12181227,
583,20070049,10-09-1946,343894,12194590,
682,20074002,03-21-1966,382844,12212403,
246,20058017,06-13-1969,327539,12140065,
649,20072030,09-11-1962,24443,12204606,
130,20054022,05-25-1970,413833,12120439,
545,20070010,11-07-1959,425015,12193277,
167,20056019,02-16-1986,319412,12128615,"Please call 311 between 8:30AM and 4:30PM, Mon to Fri"
733,20077027,06-24-2001,421633,12220884,
594,20071008,03-12-1982,306871,12197151,
446,20065027,04-12-1959,46464,12171457,
741,20078001,01-08-1996,424579,12227440,
774,20078036,04-19-1983,54482,12227350,
421,20065001,02-08-1985,318773,12173320,
892,20083012,01-09-1983,419501,12245430,
132,20054024,03-10-1954,20374,12120471,
769,20078031,12-21-1991,365777,12228327,
548,20070013,08-11-1965,7395,12192489,
268,20059013,06-12-1996,422290,12145956,"Please call 311 between 8:30AM and 4:30PM, Mon to Fri"
638,20072019,04-23-1992,423460,12202673,
206,20057023,03-07-1986,14150,12132708,"Please call 311 between 8:30AM and 4:30PM, Mon to Fri"
278,20059024,04-28-1950,424444,12143127,"Please call 311 between 8:30AM and 4:30PM, Mon to Fri"
623,20072003,07-10-1983,301128,12201173,
413,20064027,02-11-1969,413305,12169094,
291,20060006,10-25-1977,424323,12149727,
445,20065026,05-21-1967,393525,12174235,
271,20059016,08-05-1998,424795,12144017,
192,20057006,11-12-1981,422934,12135848,
645,20072026,12-18-1952,308027,12200843,
329,20061020,05-08-1962,313558,12154612,
604,20071019,10-06-1965,310868,12197326,
609,20071025,07-25-1961,387980,12198392,
563,20070029,10-03-1980,306969,12192980,
761,20078023,12-24-1955,395050,12225867,
177,20056030,02-27-1991,380295,12128213,
650,20072031,07-11-1987,419551,12203578,
646,20072027,10-20-1944,415895,12204568,
135,20054027,01-16-1964,294945,12119112,"Please call 311 between 8:30AM and 4:30PM, Mon to Fri"
644,20072025,01-18-1986,21785,12205371,
435,20065016,10-30-1982,349590,12171440,
672,20073017,10-14-1999,417128,12208161,
747,20078007,12-16-1967,425285,12225880,
890,20083010,08-24-1984,381679,12243176,
173,20056026,08-14-1981,54971,12127231,
780,20078042,03-28-1968,308094,12225476,
877,20082008,01-13-1984,340076,12240678,
694,20074014,04-28-1953,339263,12213862,
819,20080008,03-19-1990,424205,12235410,
3,20046031,05-18-1988,421157,12086415,"Please call 311 between 8:30AM and 4:30PM, Mon to Fri"
708,20074028,06-19-1972,388103,12214141,
349,20062008,01-21-1962,313919,12157830,
836,20080025,12-28-1970,394241,12235573,
501,20067013,03-11-1947,44629,12184344,
158,20056008,04-29-1958,274369,12129459,
131,20054023,12-04-1968,389999,12120501,"Please call 311 between 8:30AM and 4:30PM, Mon to Fri"
434,20065015,12-15-1961,56831,12173552,
704,20074024,03-02-1962,325259,12211500,
794,20079015,12-12-1982,359146,12229984,
224,20057041,12-03-1995,424785,12136193,"Please call 311 between 8:30AM and 4:30PM, Mon to Fri"
546,20070011,06-17-1989,382552,12191554,
521,20068002,02-20-1991,422248,12187123,
706,20074026,03-23-1956,322258,12211357,
711,20077002,10-30-1989,365834,12220873,
847,20081010,10-22-1969,380618,12236841,
453,20065034,08-18-1958,282882,12172262,
151,20056001,07-05-1957,362884,12128219,
238,20058008,10-08-1978,353049,12138113,
478,20066020,01-11-1986,423196,12178257,
205,20057021,12-28-1954,32533,12135732,
748,20078008,01-01-1980,422410,12227674,
599,20071013,02-16-1986,300893,12200310,
810,20079031,01-15-1997,420159,12231793,
791,20079012,09-23-1989,398472,12231081,
693,20074013,08-11-1978,398102,12210547,
315,20061005,04-20-1949,395130,12153254,
835,20080024,12-31-1972,312655,12234909,
880,20082011,12-04-1982,368711,12241260,
814,20080003,06-29-1947,424103,12236022,
524,20068005,02-19-1986,357308,12186486,
307,20060023,08-31-1949,321123,12149895,
216,20057033,01-30-1961,329182,12132067,
689,20074009,09-30-1959,308544,12210866,
590,20071004,05-17-1957,328270,12197041,
212,20057029,06-19-1987,288899,12136064,"Please call 311 between 8:30AM and 4:30PM, Mon to Fri"
314,20061003,10-06-1969,312640,12154590,
11,20047001,03-18-2020,424503,12087663,"Please call 311 between 8:30AM and 4:30PM, Mon to Fri"
214,20057031,09-16-1989,372885,12133582,
776,20078038,04-13-1989,424819,12226426,
288,20060002,09-15-1958,416023,12149679,"Please call 311 between 8:30AM and 4:30PM, Mon to Fri"
610,20071027,07-16-1957,323800,12198908,
755,20078015,05-10-1973,358705,12225018,
359,20063004,03-25-1952,11854,12163177,
395,20064009,08-29-1990,422298,12165906,
767,20078029,10-05-1969,360101,12227230,
79,20052017,10-13-1959,424633,12112022,"Please call 311 between 8:30AM and 4:30PM, Mon to Fri"
18,20047015,09-19-1967,413133,12090029,"Please call 311 between 8:30AM and 4:30PM, Mon to Fri"
59,20051028,04-19-1957,421054,12105787,"Please call 311 between 8:30AM and 4:30PM, Mon to Fri"
218,20057035,12-02-1980,19510,12133697,
537,20070002,01-20-1980,53650,12192716,
730,20077024,01-13-1960,44520,12221304,
122,20054013,12-14-1971,389865,12120578,"Please call 311 between 8:30AM and 4:30PM, Mon to Fri"
104,20053019,05-17-1964,43648,12117390,"Please call 311 between 8:30AM and 4:30PM, Mon to Fri"
46,20051012,07-28-1979,365795,12107068,"Please call 311 between 8:30AM and 4:30PM, Mon to Fri"
97,20053011,01-02-1989,381006,12116345,"Please call 311 between 8:30AM and 4:30PM, Mon to Fri"
91,20053002,10-04-1980,10395,12115777,"Please call 311 between 8:30AM and 4:30PM, Mon to Fri"
55,20051024,12-25-1962,287668,12103728,"Please call 311 between 8:30AM and 4:30PM, Mon to Fri"
57,20051026,03-22-1993,332364,12105749,"Please call 311 between 8:30AM and 4:30PM, Mon to Fri"
255,20058027,09-11-1969,376783,12138004,"Please call 311 between 8:30AM and 4:30PM, Mon to Fri"
394,20064008,08-09-1978,391325,12168793,
180,20056033,11-16-1961,38484,12128803,
785,20079005,02-17-1997,407423,12229946,
471,20066013,10-04-1953,15100,12178677,
735,20077029,10-02-1957,41295,12223035,
354,20062013,05-17-1971,424849,12158242,"Please call 311 between 8:30AM and 4:30PM, Mon to Fri"
468,20066010,04-15-1970,39990,12178947,
765,20078027,03-09-1970,417509,12226265,
399,20064013,10-03-1973,37861,12169111,
364,20063011,10-09-1980,424910,12164064,
217,20057034,09-18-1951,361225,12132371,"Please call 311 between 8:30AM and 4:30PM, Mon to Fri"
234,20058001,11-25-1979,285349,12138210,
213,20057030,10-22-1970,358550,12135883,
884,20083004,04-06-1963,281878,12243778,
686,20074006,02-21-1974,56011,12211445,
450,20065031,03-02-1959,43443,12173428,
631,20072012,12-31-1971,358023,12202597,
229,20057046,10-05-1959,417399,12133050,
443,20065024,04-03-1978,379619,12172206,
484,20066026,01-02-1956,312776,12178760,
562,20070028,11-20-1961,324500,12193196,
743,20078003,04-12-1990,314016,12225689,
200,20057014,08-12-1961,45130,12132560,"Please call 311 between 8:30AM and 4:30PM, Mon to Fri"
559,20070025,09-20-1985,418652,12193124,
143,20055001,04-23-1961,424656,12123172,
886,20083006,08-09-1978,424982,12244876,
202,20057017,02-08-1977,355228,12136358,
764,20078026,07-15-1972,423799,12227170,
298,20060014,10-30-1938,383390,12150605,
389,20064003,01-24-1998,420832,12168565,"Please call 311 between 8:30AM and 4:30PM, Mon to Fri"
849,20081012,02-13-1985,39958,12237280,
866,20081030,01-09-1976,421499,12236673,
280,20059027,08-12-1977,18515,12142401,
736,20077030,04-13-1989,423643,12223024,
410,20064024,12-04-1981,395070,12169962,"Please call 311 between 8:30AM and 4:30PM, Mon to Fri"
312,20061001,11-12-1961,352000,12154621,"Please call 311 between 8:30AM and 4:30PM, Mon to Fri"
822,20080011,06-20-1957,376603,12233665,
211,20057028,08-30-1977,398813,12132341,
418,20064032,02-05-1992,412972,12165885,"Please call 311 between 8:30AM and 4:30PM, Mon to Fri"
569,20070035,10-23-1968,424998,12192435,
437,20065018,08-31-1952,409970,12171330,
575,20070041,02-10-1958,424970,12192276,
336,20061028,07-11-1978,385267,12156223,"Please call 311 between 8:30AM and 4:30PM, Mon to Fri"
187,20056042,08-18-1971,391886,12129683,"Please call 311 between 8:30AM and 4:30PM, Mon to Fri"
717,20077008,05-10-1942,382469,12221504,
136,20054028,11-29-1977,372737,12119814,
7,20046036,01-25-1966,273930,12086362,"Please call 311 between 8:30AM and 4:30PM, Mon to Fri"
85,20052026,07-11-1951,372503,12110405,"Please call 311 between 8:30AM and 4:30PM, Mon to Fri"
95,20053009,05-29-1957,51624,12115200,"Please call 311 between 8:30AM and 4:30PM, Mon to Fri"
50,20051017,06-05-1946,422241,12106185,"Please call 311 between 8:30AM and 4:30PM, Mon to Fri"
89,20052030,09-09-1968,320217,12110727,"Please call 311 between 8:30AM and 4:30PM, Mon to Fri"
41,20050031,07-01-1993,400143,12101131,"Please call 311 between 8:30AM and 4:30PM, Mon to Fri"
20,20048005,07-05-1958,390799,12091131,"Please call 311 between 8:30AM and 4:30PM, Mon to Fri"
108,20053023,09-11-1973,370703,12118465,"Please call 311 between 8:30AM and 4:30PM, Mon to Fri"
58,20051027,08-12-1984,351516,12105939,"Please call 311 between 8:30AM and 4:30PM, Mon to Fri"
103,20053018,10-13-1984,424583,12116043,"Please call 311 between 8:30AM and 4:30PM, Mon to Fri"
96,20053010,04-20-1964,379593,12114478,"Please call 311 between 8:30AM and 4:30PM, Mon to Fri"
27,20050002,03-13-1992,424558,12100495,"Please call 311 between 8:30AM and 4:30PM, Mon to Fri"
102,20053017,09-02-1979,412175,12114228,"Please call 311 between 8:30AM and 4:30PM, Mon to Fri"
